feature,beta,OR
qualifier,0.07906699029513847,1.0822768216856085
