feature,beta,OR
qualifier,-0.29090354587187073,0.7475877824684073
tree_number,0.47239496461481495,1.6038307150272035
