feature,beta,OR
qualifier,-0.3054846277833511,0.736766230472563
tree_number,0.41676285258989376,1.5170427075242003
document_count,-0.5280755866204712,0.5897387795668115
completeness_percentage,0.09136530036199442,1.0956691805101997
