feature,coef_std,OR_per_1SD
completeness_percentage,0.09671722791290133,1.1015488423117257
