feature,coef_std,OR_per_1SD
log_enrollment,0.45688311763084577,1.5791442993353473
tree_number,0.24568520041438213,1.2784970398479847
